activity,activity.svg,fill,https://wentin.github.io/eva-icons/package/icons/fill/svg/activity.svg
alert circle,alert-circle.svg,fill,https://wentin.github.io/eva-icons/package/icons/fill/svg/alert-circle.svg
alert triangle,alert-triangle.svg,fill,https://wentin.github.io/eva-icons/package/icons/fill/svg/alert-triangle.svg
archive,archive.svg,fill,https://wentin.github.io/eva-icons/package/icons/fill/svg/archive.svg
arrow back,arrow-back.svg,fill,https://wentin.github.io/eva-icons/package/icons/fill/svg/arrow-back.svg
arrow circle down,arrow-circle-down.svg,fill,https://wentin.github.io/eva-icons/package/icons/fill/svg/arrow-circle-down.svg
arrow circle left,arrow-circle-left.svg,fill,https://wentin.github.io/eva-icons/package/icons/fill/svg/arrow-circle-left.svg
arrow circle right,arrow-circle-right.svg,fill,https://wentin.github.io/eva-icons/package/icons/fill/svg/arrow-circle-right.svg
arrow circle up,arrow-circle-up.svg,fill,https://wentin.github.io/eva-icons/package/icons/fill/svg/arrow-circle-up.svg
arrow down,arrow-down.svg,fill,https://wentin.github.io/eva-icons/package/icons/fill/svg/arrow-down.svg
arrow downward,arrow-downward.svg,fill,https://wentin.github.io/eva-icons/package/icons/fill/svg/arrow-downward.svg
arrow forward,arrow-forward.svg,fill,https://wentin.github.io/eva-icons/package/icons/fill/svg/arrow-forward.svg
arrow ios back,arrow-ios-back.svg,fill,https://wentin.github.io/eva-icons/package/icons/fill/svg/arrow-ios-back.svg
arrow ios downward,arrow-ios-downward.svg,fill,https://wentin.github.io/eva-icons/package/icons/fill/svg/arrow-ios-downward.svg
arrow ios forward,arrow-ios-forward.svg,fill,https://wentin.github.io/eva-icons/package/icons/fill/svg/arrow-ios-forward.svg
arrow ios upward,arrow-ios-upward.svg,fill,https://wentin.github.io/eva-icons/package/icons/fill/svg/arrow-ios-upward.svg
arrow left,arrow-left.svg,fill,https://wentin.github.io/eva-icons/package/icons/fill/svg/arrow-left.svg
arrow right,arrow-right.svg,fill,https://wentin.github.io/eva-icons/package/icons/fill/svg/arrow-right.svg
arrow up,arrow-up.svg,fill,https://wentin.github.io/eva-icons/package/icons/fill/svg/arrow-up.svg
arrow upward,arrow-upward.svg,fill,https://wentin.github.io/eva-icons/package/icons/fill/svg/arrow-upward.svg
arrowhead down,arrowhead-down.svg,fill,https://wentin.github.io/eva-icons/package/icons/fill/svg/arrowhead-down.svg
arrowhead left,arrowhead-left.svg,fill,https://wentin.github.io/eva-icons/package/icons/fill/svg/arrowhead-left.svg
arrowhead right,arrowhead-right.svg,fill,https://wentin.github.io/eva-icons/package/icons/fill/svg/arrowhead-right.svg
arrowhead up,arrowhead-up.svg,fill,https://wentin.github.io/eva-icons/package/icons/fill/svg/arrowhead-up.svg
at,at.svg,fill,https://wentin.github.io/eva-icons/package/icons/fill/svg/at.svg
attach 2,attach-2.svg,fill,https://wentin.github.io/eva-icons/package/icons/fill/svg/attach-2.svg
attach,attach.svg,fill,https://wentin.github.io/eva-icons/package/icons/fill/svg/attach.svg
award,award.svg,fill,https://wentin.github.io/eva-icons/package/icons/fill/svg/award.svg
backspace,backspace.svg,fill,https://wentin.github.io/eva-icons/package/icons/fill/svg/backspace.svg
bar chart 2,bar-chart-2.svg,fill,https://wentin.github.io/eva-icons/package/icons/fill/svg/bar-chart-2.svg
bar chart,bar-chart.svg,fill,https://wentin.github.io/eva-icons/package/icons/fill/svg/bar-chart.svg
battery,battery.svg,fill,https://wentin.github.io/eva-icons/package/icons/fill/svg/battery.svg
behance,behance.svg,fill,https://wentin.github.io/eva-icons/package/icons/fill/svg/behance.svg
bell off,bell-off.svg,fill,https://wentin.github.io/eva-icons/package/icons/fill/svg/bell-off.svg
bell,bell.svg,fill,https://wentin.github.io/eva-icons/package/icons/fill/svg/bell.svg
bluetooth,bluetooth.svg,fill,https://wentin.github.io/eva-icons/package/icons/fill/svg/bluetooth.svg
book open,book-open.svg,fill,https://wentin.github.io/eva-icons/package/icons/fill/svg/book-open.svg
book,book.svg,fill,https://wentin.github.io/eva-icons/package/icons/fill/svg/book.svg
bookmark,bookmark.svg,fill,https://wentin.github.io/eva-icons/package/icons/fill/svg/bookmark.svg
briefcase,briefcase.svg,fill,https://wentin.github.io/eva-icons/package/icons/fill/svg/briefcase.svg
browser,browser.svg,fill,https://wentin.github.io/eva-icons/package/icons/fill/svg/browser.svg
brush,brush.svg,fill,https://wentin.github.io/eva-icons/package/icons/fill/svg/brush.svg
bulb,bulb.svg,fill,https://wentin.github.io/eva-icons/package/icons/fill/svg/bulb.svg
calendar,calendar.svg,fill,https://wentin.github.io/eva-icons/package/icons/fill/svg/calendar.svg
camera,camera.svg,fill,https://wentin.github.io/eva-icons/package/icons/fill/svg/camera.svg
car,car.svg,fill,https://wentin.github.io/eva-icons/package/icons/fill/svg/car.svg
cast,cast.svg,fill,https://wentin.github.io/eva-icons/package/icons/fill/svg/cast.svg
charging,charging.svg,fill,https://wentin.github.io/eva-icons/package/icons/fill/svg/charging.svg
checkmark circle 2,checkmark-circle-2.svg,fill,https://wentin.github.io/eva-icons/package/icons/fill/svg/checkmark-circle-2.svg
checkmark circle,checkmark-circle.svg,fill,https://wentin.github.io/eva-icons/package/icons/fill/svg/checkmark-circle.svg
checkmark square 2,checkmark-square-2.svg,fill,https://wentin.github.io/eva-icons/package/icons/fill/svg/checkmark-square-2.svg
checkmark square,checkmark-square.svg,fill,https://wentin.github.io/eva-icons/package/icons/fill/svg/checkmark-square.svg
checkmark,checkmark.svg,fill,https://wentin.github.io/eva-icons/package/icons/fill/svg/checkmark.svg
chevron down,chevron-down.svg,fill,https://wentin.github.io/eva-icons/package/icons/fill/svg/chevron-down.svg
chevron left,chevron-left.svg,fill,https://wentin.github.io/eva-icons/package/icons/fill/svg/chevron-left.svg
chevron right,chevron-right.svg,fill,https://wentin.github.io/eva-icons/package/icons/fill/svg/chevron-right.svg
chevron up,chevron-up.svg,fill,https://wentin.github.io/eva-icons/package/icons/fill/svg/chevron-up.svg
clipboard,clipboard.svg,fill,https://wentin.github.io/eva-icons/package/icons/fill/svg/clipboard.svg
clock,clock.svg,fill,https://wentin.github.io/eva-icons/package/icons/fill/svg/clock.svg
close circle,close-circle.svg,fill,https://wentin.github.io/eva-icons/package/icons/fill/svg/close-circle.svg
close square,close-square.svg,fill,https://wentin.github.io/eva-icons/package/icons/fill/svg/close-square.svg
close,close.svg,fill,https://wentin.github.io/eva-icons/package/icons/fill/svg/close.svg
cloud download,cloud-download.svg,fill,https://wentin.github.io/eva-icons/package/icons/fill/svg/cloud-download.svg
cloud upload,cloud-upload.svg,fill,https://wentin.github.io/eva-icons/package/icons/fill/svg/cloud-upload.svg
code download,code-download.svg,fill,https://wentin.github.io/eva-icons/package/icons/fill/svg/code-download.svg
code,code.svg,fill,https://wentin.github.io/eva-icons/package/icons/fill/svg/code.svg
collapse,collapse.svg,fill,https://wentin.github.io/eva-icons/package/icons/fill/svg/collapse.svg
color palette,color-palette.svg,fill,https://wentin.github.io/eva-icons/package/icons/fill/svg/color-palette.svg
color picker,color-picker.svg,fill,https://wentin.github.io/eva-icons/package/icons/fill/svg/color-picker.svg
compass,compass.svg,fill,https://wentin.github.io/eva-icons/package/icons/fill/svg/compass.svg
copy,copy.svg,fill,https://wentin.github.io/eva-icons/package/icons/fill/svg/copy.svg
corner down left,corner-down-left.svg,fill,https://wentin.github.io/eva-icons/package/icons/fill/svg/corner-down-left.svg
corner down right,corner-down-right.svg,fill,https://wentin.github.io/eva-icons/package/icons/fill/svg/corner-down-right.svg
corner left down,corner-left-down.svg,fill,https://wentin.github.io/eva-icons/package/icons/fill/svg/corner-left-down.svg
corner left up,corner-left-up.svg,fill,https://wentin.github.io/eva-icons/package/icons/fill/svg/corner-left-up.svg
corner right down,corner-right-down.svg,fill,https://wentin.github.io/eva-icons/package/icons/fill/svg/corner-right-down.svg
corner right up,corner-right-up.svg,fill,https://wentin.github.io/eva-icons/package/icons/fill/svg/corner-right-up.svg
corner up left,corner-up-left.svg,fill,https://wentin.github.io/eva-icons/package/icons/fill/svg/corner-up-left.svg
corner up right,corner-up-right.svg,fill,https://wentin.github.io/eva-icons/package/icons/fill/svg/corner-up-right.svg
credit card,credit-card.svg,fill,https://wentin.github.io/eva-icons/package/icons/fill/svg/credit-card.svg
crop,crop.svg,fill,https://wentin.github.io/eva-icons/package/icons/fill/svg/crop.svg
cube,cube.svg,fill,https://wentin.github.io/eva-icons/package/icons/fill/svg/cube.svg
diagonal arrow left down,diagonal-arrow-left-down.svg,fill,https://wentin.github.io/eva-icons/package/icons/fill/svg/diagonal-arrow-left-down.svg
diagonal arrow left up,diagonal-arrow-left-up.svg,fill,https://wentin.github.io/eva-icons/package/icons/fill/svg/diagonal-arrow-left-up.svg
diagonal arrow right down,diagonal-arrow-right-down.svg,fill,https://wentin.github.io/eva-icons/package/icons/fill/svg/diagonal-arrow-right-down.svg
diagonal arrow right up,diagonal-arrow-right-up.svg,fill,https://wentin.github.io/eva-icons/package/icons/fill/svg/diagonal-arrow-right-up.svg
done all,done-all.svg,fill,https://wentin.github.io/eva-icons/package/icons/fill/svg/done-all.svg
download,download.svg,fill,https://wentin.github.io/eva-icons/package/icons/fill/svg/download.svg
droplet off,droplet-off.svg,fill,https://wentin.github.io/eva-icons/package/icons/fill/svg/droplet-off.svg
droplet,droplet.svg,fill,https://wentin.github.io/eva-icons/package/icons/fill/svg/droplet.svg
edit 2,edit-2.svg,fill,https://wentin.github.io/eva-icons/package/icons/fill/svg/edit-2.svg
edit,edit.svg,fill,https://wentin.github.io/eva-icons/package/icons/fill/svg/edit.svg
email,email.svg,fill,https://wentin.github.io/eva-icons/package/icons/fill/svg/email.svg
expand,expand.svg,fill,https://wentin.github.io/eva-icons/package/icons/fill/svg/expand.svg
external link,external-link.svg,fill,https://wentin.github.io/eva-icons/package/icons/fill/svg/external-link.svg
eye off 2,eye-off-2.svg,fill,https://wentin.github.io/eva-icons/package/icons/fill/svg/eye-off-2.svg
eye off,eye-off.svg,fill,https://wentin.github.io/eva-icons/package/icons/fill/svg/eye-off.svg
eye,eye.svg,fill,https://wentin.github.io/eva-icons/package/icons/fill/svg/eye.svg
facebook,facebook.svg,fill,https://wentin.github.io/eva-icons/package/icons/fill/svg/facebook.svg
file add,file-add.svg,fill,https://wentin.github.io/eva-icons/package/icons/fill/svg/file-add.svg
file remove,file-remove.svg,fill,https://wentin.github.io/eva-icons/package/icons/fill/svg/file-remove.svg
file text,file-text.svg,fill,https://wentin.github.io/eva-icons/package/icons/fill/svg/file-text.svg
file,file.svg,fill,https://wentin.github.io/eva-icons/package/icons/fill/svg/file.svg
film,film.svg,fill,https://wentin.github.io/eva-icons/package/icons/fill/svg/film.svg
flag,flag.svg,fill,https://wentin.github.io/eva-icons/package/icons/fill/svg/flag.svg
flash off,flash-off.svg,fill,https://wentin.github.io/eva-icons/package/icons/fill/svg/flash-off.svg
flash,flash.svg,fill,https://wentin.github.io/eva-icons/package/icons/fill/svg/flash.svg
flip 2,flip-2.svg,fill,https://wentin.github.io/eva-icons/package/icons/fill/svg/flip-2.svg
flip,flip.svg,fill,https://wentin.github.io/eva-icons/package/icons/fill/svg/flip.svg
folder add,folder-add.svg,fill,https://wentin.github.io/eva-icons/package/icons/fill/svg/folder-add.svg
folder remove,folder-remove.svg,fill,https://wentin.github.io/eva-icons/package/icons/fill/svg/folder-remove.svg
folder,folder.svg,fill,https://wentin.github.io/eva-icons/package/icons/fill/svg/folder.svg
funnel,funnel.svg,fill,https://wentin.github.io/eva-icons/package/icons/fill/svg/funnel.svg
gift,gift.svg,fill,https://wentin.github.io/eva-icons/package/icons/fill/svg/gift.svg
github,github.svg,fill,https://wentin.github.io/eva-icons/package/icons/fill/svg/github.svg
globe 2,globe-2.svg,fill,https://wentin.github.io/eva-icons/package/icons/fill/svg/globe-2.svg
globe 3,globe-3.svg,fill,https://wentin.github.io/eva-icons/package/icons/fill/svg/globe-3.svg
globe,globe.svg,fill,https://wentin.github.io/eva-icons/package/icons/fill/svg/globe.svg
google,google.svg,fill,https://wentin.github.io/eva-icons/package/icons/fill/svg/google.svg
grid,grid.svg,fill,https://wentin.github.io/eva-icons/package/icons/fill/svg/grid.svg
hard drive,hard-drive.svg,fill,https://wentin.github.io/eva-icons/package/icons/fill/svg/hard-drive.svg
hash,hash.svg,fill,https://wentin.github.io/eva-icons/package/icons/fill/svg/hash.svg
headphones,headphones.svg,fill,https://wentin.github.io/eva-icons/package/icons/fill/svg/headphones.svg
heart,heart.svg,fill,https://wentin.github.io/eva-icons/package/icons/fill/svg/heart.svg
home,home.svg,fill,https://wentin.github.io/eva-icons/package/icons/fill/svg/home.svg
image 2,image-2.svg,fill,https://wentin.github.io/eva-icons/package/icons/fill/svg/image-2.svg
image,image.svg,fill,https://wentin.github.io/eva-icons/package/icons/fill/svg/image.svg
inbox,inbox.svg,fill,https://wentin.github.io/eva-icons/package/icons/fill/svg/inbox.svg
info,info.svg,fill,https://wentin.github.io/eva-icons/package/icons/fill/svg/info.svg
keypad,keypad.svg,fill,https://wentin.github.io/eva-icons/package/icons/fill/svg/keypad.svg
layers,layers.svg,fill,https://wentin.github.io/eva-icons/package/icons/fill/svg/layers.svg
layout,layout.svg,fill,https://wentin.github.io/eva-icons/package/icons/fill/svg/layout.svg
link 2,link-2.svg,fill,https://wentin.github.io/eva-icons/package/icons/fill/svg/link-2.svg
link,link.svg,fill,https://wentin.github.io/eva-icons/package/icons/fill/svg/link.svg
linkedin,linkedin.svg,fill,https://wentin.github.io/eva-icons/package/icons/fill/svg/linkedin.svg
list,list.svg,fill,https://wentin.github.io/eva-icons/package/icons/fill/svg/list.svg
lock,lock.svg,fill,https://wentin.github.io/eva-icons/package/icons/fill/svg/lock.svg
log in,log-in.svg,fill,https://wentin.github.io/eva-icons/package/icons/fill/svg/log-in.svg
log out,log-out.svg,fill,https://wentin.github.io/eva-icons/package/icons/fill/svg/log-out.svg
map,map.svg,fill,https://wentin.github.io/eva-icons/package/icons/fill/svg/map.svg
maximize,maximize.svg,fill,https://wentin.github.io/eva-icons/package/icons/fill/svg/maximize.svg
menu 2,menu-2.svg,fill,https://wentin.github.io/eva-icons/package/icons/fill/svg/menu-2.svg
menu arrow,menu-arrow.svg,fill,https://wentin.github.io/eva-icons/package/icons/fill/svg/menu-arrow.svg
menu,menu.svg,fill,https://wentin.github.io/eva-icons/package/icons/fill/svg/menu.svg
message circle,message-circle.svg,fill,https://wentin.github.io/eva-icons/package/icons/fill/svg/message-circle.svg
message square,message-square.svg,fill,https://wentin.github.io/eva-icons/package/icons/fill/svg/message-square.svg
mic off,mic-off.svg,fill,https://wentin.github.io/eva-icons/package/icons/fill/svg/mic-off.svg
mic,mic.svg,fill,https://wentin.github.io/eva-icons/package/icons/fill/svg/mic.svg
minimize,minimize.svg,fill,https://wentin.github.io/eva-icons/package/icons/fill/svg/minimize.svg
minus circle,minus-circle.svg,fill,https://wentin.github.io/eva-icons/package/icons/fill/svg/minus-circle.svg
minus square,minus-square.svg,fill,https://wentin.github.io/eva-icons/package/icons/fill/svg/minus-square.svg
minus,minus.svg,fill,https://wentin.github.io/eva-icons/package/icons/fill/svg/minus.svg
monitor,monitor.svg,fill,https://wentin.github.io/eva-icons/package/icons/fill/svg/monitor.svg
moon,moon.svg,fill,https://wentin.github.io/eva-icons/package/icons/fill/svg/moon.svg
more horizontal,more-horizontal.svg,fill,https://wentin.github.io/eva-icons/package/icons/fill/svg/more-horizontal.svg
more vertical,more-vertical.svg,fill,https://wentin.github.io/eva-icons/package/icons/fill/svg/more-vertical.svg
move,move.svg,fill,https://wentin.github.io/eva-icons/package/icons/fill/svg/move.svg
music,music.svg,fill,https://wentin.github.io/eva-icons/package/icons/fill/svg/music.svg
navigation 2,navigation-2.svg,fill,https://wentin.github.io/eva-icons/package/icons/fill/svg/navigation-2.svg
navigation,navigation.svg,fill,https://wentin.github.io/eva-icons/package/icons/fill/svg/navigation.svg
npm,npm.svg,fill,https://wentin.github.io/eva-icons/package/icons/fill/svg/npm.svg
options 2,options-2.svg,fill,https://wentin.github.io/eva-icons/package/icons/fill/svg/options-2.svg
options,options.svg,fill,https://wentin.github.io/eva-icons/package/icons/fill/svg/options.svg
pantone,pantone.svg,fill,https://wentin.github.io/eva-icons/package/icons/fill/svg/pantone.svg
paper plane,paper-plane.svg,fill,https://wentin.github.io/eva-icons/package/icons/fill/svg/paper-plane.svg
pause circle,pause-circle.svg,fill,https://wentin.github.io/eva-icons/package/icons/fill/svg/pause-circle.svg
people,people.svg,fill,https://wentin.github.io/eva-icons/package/icons/fill/svg/people.svg
percent,percent.svg,fill,https://wentin.github.io/eva-icons/package/icons/fill/svg/percent.svg
person add,person-add.svg,fill,https://wentin.github.io/eva-icons/package/icons/fill/svg/person-add.svg
person delete,person-delete.svg,fill,https://wentin.github.io/eva-icons/package/icons/fill/svg/person-delete.svg
person done,person-done.svg,fill,https://wentin.github.io/eva-icons/package/icons/fill/svg/person-done.svg
person remove,person-remove.svg,fill,https://wentin.github.io/eva-icons/package/icons/fill/svg/person-remove.svg
person,person.svg,fill,https://wentin.github.io/eva-icons/package/icons/fill/svg/person.svg
phone call,phone-call.svg,fill,https://wentin.github.io/eva-icons/package/icons/fill/svg/phone-call.svg
phone missed,phone-missed.svg,fill,https://wentin.github.io/eva-icons/package/icons/fill/svg/phone-missed.svg
phone off,phone-off.svg,fill,https://wentin.github.io/eva-icons/package/icons/fill/svg/phone-off.svg
phone,phone.svg,fill,https://wentin.github.io/eva-icons/package/icons/fill/svg/phone.svg
pie chart 2,pie-chart-2.svg,fill,https://wentin.github.io/eva-icons/package/icons/fill/svg/pie-chart-2.svg
pie chart,pie-chart.svg,fill,https://wentin.github.io/eva-icons/package/icons/fill/svg/pie-chart.svg
pin,pin.svg,fill,https://wentin.github.io/eva-icons/package/icons/fill/svg/pin.svg
play circle,play-circle.svg,fill,https://wentin.github.io/eva-icons/package/icons/fill/svg/play-circle.svg
plus circle,plus-circle.svg,fill,https://wentin.github.io/eva-icons/package/icons/fill/svg/plus-circle.svg
plus square,plus-square.svg,fill,https://wentin.github.io/eva-icons/package/icons/fill/svg/plus-square.svg
plus,plus.svg,fill,https://wentin.github.io/eva-icons/package/icons/fill/svg/plus.svg
power,power.svg,fill,https://wentin.github.io/eva-icons/package/icons/fill/svg/power.svg
pricetags,pricetags.svg,fill,https://wentin.github.io/eva-icons/package/icons/fill/svg/pricetags.svg
printer,printer.svg,fill,https://wentin.github.io/eva-icons/package/icons/fill/svg/printer.svg
question mark circle,question-mark-circle.svg,fill,https://wentin.github.io/eva-icons/package/icons/fill/svg/question-mark-circle.svg
question mark,question-mark.svg,fill,https://wentin.github.io/eva-icons/package/icons/fill/svg/question-mark.svg
radio button off,radio-button-off.svg,fill,https://wentin.github.io/eva-icons/package/icons/fill/svg/radio-button-off.svg
radio button on,radio-button-on.svg,fill,https://wentin.github.io/eva-icons/package/icons/fill/svg/radio-button-on.svg
radio,radio.svg,fill,https://wentin.github.io/eva-icons/package/icons/fill/svg/radio.svg
recording,recording.svg,fill,https://wentin.github.io/eva-icons/package/icons/fill/svg/recording.svg
refresh,refresh.svg,fill,https://wentin.github.io/eva-icons/package/icons/fill/svg/refresh.svg
repeat,repeat.svg,fill,https://wentin.github.io/eva-icons/package/icons/fill/svg/repeat.svg
rewind left,rewind-left.svg,fill,https://wentin.github.io/eva-icons/package/icons/fill/svg/rewind-left.svg
rewind right,rewind-right.svg,fill,https://wentin.github.io/eva-icons/package/icons/fill/svg/rewind-right.svg
save,save.svg,fill,https://wentin.github.io/eva-icons/package/icons/fill/svg/save.svg
scissors,scissors.svg,fill,https://wentin.github.io/eva-icons/package/icons/fill/svg/scissors.svg
search,search.svg,fill,https://wentin.github.io/eva-icons/package/icons/fill/svg/search.svg
settings 2,settings-2.svg,fill,https://wentin.github.io/eva-icons/package/icons/fill/svg/settings-2.svg
settings,settings.svg,fill,https://wentin.github.io/eva-icons/package/icons/fill/svg/settings.svg
shake,shake.svg,fill,https://wentin.github.io/eva-icons/package/icons/fill/svg/shake.svg
share,share.svg,fill,https://wentin.github.io/eva-icons/package/icons/fill/svg/share.svg
shield off,shield-off.svg,fill,https://wentin.github.io/eva-icons/package/icons/fill/svg/shield-off.svg
shield,shield.svg,fill,https://wentin.github.io/eva-icons/package/icons/fill/svg/shield.svg
shopping bag,shopping-bag.svg,fill,https://wentin.github.io/eva-icons/package/icons/fill/svg/shopping-bag.svg
shopping cart,shopping-cart.svg,fill,https://wentin.github.io/eva-icons/package/icons/fill/svg/shopping-cart.svg
shuffle 2,shuffle-2.svg,fill,https://wentin.github.io/eva-icons/package/icons/fill/svg/shuffle-2.svg
shuffle,shuffle.svg,fill,https://wentin.github.io/eva-icons/package/icons/fill/svg/shuffle.svg
skip back,skip-back.svg,fill,https://wentin.github.io/eva-icons/package/icons/fill/svg/skip-back.svg
skip forward,skip-forward.svg,fill,https://wentin.github.io/eva-icons/package/icons/fill/svg/skip-forward.svg
slash,slash.svg,fill,https://wentin.github.io/eva-icons/package/icons/fill/svg/slash.svg
smartphone,smartphone.svg,fill,https://wentin.github.io/eva-icons/package/icons/fill/svg/smartphone.svg
smiling face,smiling-face.svg,fill,https://wentin.github.io/eva-icons/package/icons/fill/svg/smiling-face.svg
speaker,speaker.svg,fill,https://wentin.github.io/eva-icons/package/icons/fill/svg/speaker.svg
square,square.svg,fill,https://wentin.github.io/eva-icons/package/icons/fill/svg/square.svg
star,star.svg,fill,https://wentin.github.io/eva-icons/package/icons/fill/svg/star.svg
stop circle,stop-circle.svg,fill,https://wentin.github.io/eva-icons/package/icons/fill/svg/stop-circle.svg
sun,sun.svg,fill,https://wentin.github.io/eva-icons/package/icons/fill/svg/sun.svg
swap,swap.svg,fill,https://wentin.github.io/eva-icons/package/icons/fill/svg/swap.svg
sync,sync.svg,fill,https://wentin.github.io/eva-icons/package/icons/fill/svg/sync.svg
text,text.svg,fill,https://wentin.github.io/eva-icons/package/icons/fill/svg/text.svg
thermometer minus,thermometer-minus.svg,fill,https://wentin.github.io/eva-icons/package/icons/fill/svg/thermometer-minus.svg
thermometer plus,thermometer-plus.svg,fill,https://wentin.github.io/eva-icons/package/icons/fill/svg/thermometer-plus.svg
thermometer,thermometer.svg,fill,https://wentin.github.io/eva-icons/package/icons/fill/svg/thermometer.svg
toggle left,toggle-left.svg,fill,https://wentin.github.io/eva-icons/package/icons/fill/svg/toggle-left.svg
toggle right,toggle-right.svg,fill,https://wentin.github.io/eva-icons/package/icons/fill/svg/toggle-right.svg
trash 2,trash-2.svg,fill,https://wentin.github.io/eva-icons/package/icons/fill/svg/trash-2.svg
trash,trash.svg,fill,https://wentin.github.io/eva-icons/package/icons/fill/svg/trash.svg
trending down,trending-down.svg,fill,https://wentin.github.io/eva-icons/package/icons/fill/svg/trending-down.svg
trending up,trending-up.svg,fill,https://wentin.github.io/eva-icons/package/icons/fill/svg/trending-up.svg
tv,tv.svg,fill,https://wentin.github.io/eva-icons/package/icons/fill/svg/tv.svg
twitter,twitter.svg,fill,https://wentin.github.io/eva-icons/package/icons/fill/svg/twitter.svg
umbrella,umbrella.svg,fill,https://wentin.github.io/eva-icons/package/icons/fill/svg/umbrella.svg
undo,undo.svg,fill,https://wentin.github.io/eva-icons/package/icons/fill/svg/undo.svg
unlock,unlock.svg,fill,https://wentin.github.io/eva-icons/package/icons/fill/svg/unlock.svg
upload,upload.svg,fill,https://wentin.github.io/eva-icons/package/icons/fill/svg/upload.svg
video off,video-off.svg,fill,https://wentin.github.io/eva-icons/package/icons/fill/svg/video-off.svg
video,video.svg,fill,https://wentin.github.io/eva-icons/package/icons/fill/svg/video.svg
volume down,volume-down.svg,fill,https://wentin.github.io/eva-icons/package/icons/fill/svg/volume-down.svg
volume mute,volume-mute.svg,fill,https://wentin.github.io/eva-icons/package/icons/fill/svg/volume-mute.svg
volume off,volume-off.svg,fill,https://wentin.github.io/eva-icons/package/icons/fill/svg/volume-off.svg
volume up,volume-up.svg,fill,https://wentin.github.io/eva-icons/package/icons/fill/svg/volume-up.svg
wifi off,wifi-off.svg,fill,https://wentin.github.io/eva-icons/package/icons/fill/svg/wifi-off.svg
wifi,wifi.svg,fill,https://wentin.github.io/eva-icons/package/icons/fill/svg/wifi.svg
activity outline,activity-outline.svg,outline,https://wentin.github.io/eva-icons/package/icons/outline/svg/activity-outline.svg
alert circle outline,alert-circle-outline.svg,outline,https://wentin.github.io/eva-icons/package/icons/outline/svg/alert-circle-outline.svg
alert triangle outline,alert-triangle-outline.svg,outline,https://wentin.github.io/eva-icons/package/icons/outline/svg/alert-triangle-outline.svg
archive outline,archive-outline.svg,outline,https://wentin.github.io/eva-icons/package/icons/outline/svg/archive-outline.svg
arrow back outline,arrow-back-outline.svg,outline,https://wentin.github.io/eva-icons/package/icons/outline/svg/arrow-back-outline.svg
arrow circle down outline,arrow-circle-down-outline.svg,outline,https://wentin.github.io/eva-icons/package/icons/outline/svg/arrow-circle-down-outline.svg
arrow circle left outline,arrow-circle-left-outline.svg,outline,https://wentin.github.io/eva-icons/package/icons/outline/svg/arrow-circle-left-outline.svg
arrow circle right outline,arrow-circle-right-outline.svg,outline,https://wentin.github.io/eva-icons/package/icons/outline/svg/arrow-circle-right-outline.svg
arrow circle up outline,arrow-circle-up-outline.svg,outline,https://wentin.github.io/eva-icons/package/icons/outline/svg/arrow-circle-up-outline.svg
arrow down outline,arrow-down-outline.svg,outline,https://wentin.github.io/eva-icons/package/icons/outline/svg/arrow-down-outline.svg
arrow downward outline,arrow-downward-outline.svg,outline,https://wentin.github.io/eva-icons/package/icons/outline/svg/arrow-downward-outline.svg
arrow forward outline,arrow-forward-outline.svg,outline,https://wentin.github.io/eva-icons/package/icons/outline/svg/arrow-forward-outline.svg
arrow ios back outline,arrow-ios-back-outline.svg,outline,https://wentin.github.io/eva-icons/package/icons/outline/svg/arrow-ios-back-outline.svg
arrow ios downward outline,arrow-ios-downward-outline.svg,outline,https://wentin.github.io/eva-icons/package/icons/outline/svg/arrow-ios-downward-outline.svg
arrow ios forward outline,arrow-ios-forward-outline.svg,outline,https://wentin.github.io/eva-icons/package/icons/outline/svg/arrow-ios-forward-outline.svg
arrow ios upward outline,arrow-ios-upward-outline.svg,outline,https://wentin.github.io/eva-icons/package/icons/outline/svg/arrow-ios-upward-outline.svg
arrow left outline,arrow-left-outline.svg,outline,https://wentin.github.io/eva-icons/package/icons/outline/svg/arrow-left-outline.svg
arrow right outline,arrow-right-outline.svg,outline,https://wentin.github.io/eva-icons/package/icons/outline/svg/arrow-right-outline.svg
arrow up outline,arrow-up-outline.svg,outline,https://wentin.github.io/eva-icons/package/icons/outline/svg/arrow-up-outline.svg
arrow upward outline,arrow-upward-outline.svg,outline,https://wentin.github.io/eva-icons/package/icons/outline/svg/arrow-upward-outline.svg
arrowhead down outline,arrowhead-down-outline.svg,outline,https://wentin.github.io/eva-icons/package/icons/outline/svg/arrowhead-down-outline.svg
arrowhead left outline,arrowhead-left-outline.svg,outline,https://wentin.github.io/eva-icons/package/icons/outline/svg/arrowhead-left-outline.svg
arrowhead right outline,arrowhead-right-outline.svg,outline,https://wentin.github.io/eva-icons/package/icons/outline/svg/arrowhead-right-outline.svg
arrowhead up outline,arrowhead-up-outline.svg,outline,https://wentin.github.io/eva-icons/package/icons/outline/svg/arrowhead-up-outline.svg
at outline,at-outline.svg,outline,https://wentin.github.io/eva-icons/package/icons/outline/svg/at-outline.svg
attach 2 outline,attach-2-outline.svg,outline,https://wentin.github.io/eva-icons/package/icons/outline/svg/attach-2-outline.svg
attach outline,attach-outline.svg,outline,https://wentin.github.io/eva-icons/package/icons/outline/svg/attach-outline.svg
award outline,award-outline.svg,outline,https://wentin.github.io/eva-icons/package/icons/outline/svg/award-outline.svg
backspace outline,backspace-outline.svg,outline,https://wentin.github.io/eva-icons/package/icons/outline/svg/backspace-outline.svg
bar chart 2 outline,bar-chart-2-outline.svg,outline,https://wentin.github.io/eva-icons/package/icons/outline/svg/bar-chart-2-outline.svg
bar chart outline,bar-chart-outline.svg,outline,https://wentin.github.io/eva-icons/package/icons/outline/svg/bar-chart-outline.svg
battery outline,battery-outline.svg,outline,https://wentin.github.io/eva-icons/package/icons/outline/svg/battery-outline.svg
behance outline,behance-outline.svg,outline,https://wentin.github.io/eva-icons/package/icons/outline/svg/behance-outline.svg
bell off outline,bell-off-outline.svg,outline,https://wentin.github.io/eva-icons/package/icons/outline/svg/bell-off-outline.svg
bell outline,bell-outline.svg,outline,https://wentin.github.io/eva-icons/package/icons/outline/svg/bell-outline.svg
bluetooth outline,bluetooth-outline.svg,outline,https://wentin.github.io/eva-icons/package/icons/outline/svg/bluetooth-outline.svg
book open outline,book-open-outline.svg,outline,https://wentin.github.io/eva-icons/package/icons/outline/svg/book-open-outline.svg
book outline,book-outline.svg,outline,https://wentin.github.io/eva-icons/package/icons/outline/svg/book-outline.svg
bookmark outline,bookmark-outline.svg,outline,https://wentin.github.io/eva-icons/package/icons/outline/svg/bookmark-outline.svg
briefcase outline,briefcase-outline.svg,outline,https://wentin.github.io/eva-icons/package/icons/outline/svg/briefcase-outline.svg
browser outline,browser-outline.svg,outline,https://wentin.github.io/eva-icons/package/icons/outline/svg/browser-outline.svg
brush outline,brush-outline.svg,outline,https://wentin.github.io/eva-icons/package/icons/outline/svg/brush-outline.svg
bulb outline,bulb-outline.svg,outline,https://wentin.github.io/eva-icons/package/icons/outline/svg/bulb-outline.svg
calendar outline,calendar-outline.svg,outline,https://wentin.github.io/eva-icons/package/icons/outline/svg/calendar-outline.svg
camera outline,camera-outline.svg,outline,https://wentin.github.io/eva-icons/package/icons/outline/svg/camera-outline.svg
car outline,car-outline.svg,outline,https://wentin.github.io/eva-icons/package/icons/outline/svg/car-outline.svg
cast outline,cast-outline.svg,outline,https://wentin.github.io/eva-icons/package/icons/outline/svg/cast-outline.svg
charging outline,charging-outline.svg,outline,https://wentin.github.io/eva-icons/package/icons/outline/svg/charging-outline.svg
checkmark circle 2 outline,checkmark-circle-2-outline.svg,outline,https://wentin.github.io/eva-icons/package/icons/outline/svg/checkmark-circle-2-outline.svg
checkmark circle outline,checkmark-circle-outline.svg,outline,https://wentin.github.io/eva-icons/package/icons/outline/svg/checkmark-circle-outline.svg
checkmark outline,checkmark-outline.svg,outline,https://wentin.github.io/eva-icons/package/icons/outline/svg/checkmark-outline.svg
checkmark square 2 outline,checkmark-square-2-outline.svg,outline,https://wentin.github.io/eva-icons/package/icons/outline/svg/checkmark-square-2-outline.svg
checkmark square outline,checkmark-square-outline.svg,outline,https://wentin.github.io/eva-icons/package/icons/outline/svg/checkmark-square-outline.svg
chevron down outline,chevron-down-outline.svg,outline,https://wentin.github.io/eva-icons/package/icons/outline/svg/chevron-down-outline.svg
chevron left outline,chevron-left-outline.svg,outline,https://wentin.github.io/eva-icons/package/icons/outline/svg/chevron-left-outline.svg
chevron right outline,chevron-right-outline.svg,outline,https://wentin.github.io/eva-icons/package/icons/outline/svg/chevron-right-outline.svg
chevron up outline,chevron-up-outline.svg,outline,https://wentin.github.io/eva-icons/package/icons/outline/svg/chevron-up-outline.svg
clipboard outline,clipboard-outline.svg,outline,https://wentin.github.io/eva-icons/package/icons/outline/svg/clipboard-outline.svg
clock outline,clock-outline.svg,outline,https://wentin.github.io/eva-icons/package/icons/outline/svg/clock-outline.svg
close circle outline,close-circle-outline.svg,outline,https://wentin.github.io/eva-icons/package/icons/outline/svg/close-circle-outline.svg
close outline,close-outline.svg,outline,https://wentin.github.io/eva-icons/package/icons/outline/svg/close-outline.svg
close square outline,close-square-outline.svg,outline,https://wentin.github.io/eva-icons/package/icons/outline/svg/close-square-outline.svg
cloud download outline,cloud-download-outline.svg,outline,https://wentin.github.io/eva-icons/package/icons/outline/svg/cloud-download-outline.svg
cloud upload outline,cloud-upload-outline.svg,outline,https://wentin.github.io/eva-icons/package/icons/outline/svg/cloud-upload-outline.svg
code download outline,code-download-outline.svg,outline,https://wentin.github.io/eva-icons/package/icons/outline/svg/code-download-outline.svg
code outline,code-outline.svg,outline,https://wentin.github.io/eva-icons/package/icons/outline/svg/code-outline.svg
collapse outline,collapse-outline.svg,outline,https://wentin.github.io/eva-icons/package/icons/outline/svg/collapse-outline.svg
color palette outline,color-palette-outline.svg,outline,https://wentin.github.io/eva-icons/package/icons/outline/svg/color-palette-outline.svg
color picker outline,color-picker-outline.svg,outline,https://wentin.github.io/eva-icons/package/icons/outline/svg/color-picker-outline.svg
compass outline,compass-outline.svg,outline,https://wentin.github.io/eva-icons/package/icons/outline/svg/compass-outline.svg
copy outline,copy-outline.svg,outline,https://wentin.github.io/eva-icons/package/icons/outline/svg/copy-outline.svg
corner down left outline,corner-down-left-outline.svg,outline,https://wentin.github.io/eva-icons/package/icons/outline/svg/corner-down-left-outline.svg
corner down right outline,corner-down-right-outline.svg,outline,https://wentin.github.io/eva-icons/package/icons/outline/svg/corner-down-right-outline.svg
corner left down outline,corner-left-down-outline.svg,outline,https://wentin.github.io/eva-icons/package/icons/outline/svg/corner-left-down-outline.svg
corner left up outline,corner-left-up-outline.svg,outline,https://wentin.github.io/eva-icons/package/icons/outline/svg/corner-left-up-outline.svg
corner right down outline,corner-right-down-outline.svg,outline,https://wentin.github.io/eva-icons/package/icons/outline/svg/corner-right-down-outline.svg
corner right up outline,corner-right-up-outline.svg,outline,https://wentin.github.io/eva-icons/package/icons/outline/svg/corner-right-up-outline.svg
corner up left outline,corner-up-left-outline.svg,outline,https://wentin.github.io/eva-icons/package/icons/outline/svg/corner-up-left-outline.svg
corner up right outline,corner-up-right-outline.svg,outline,https://wentin.github.io/eva-icons/package/icons/outline/svg/corner-up-right-outline.svg
credit card outline,credit-card-outline.svg,outline,https://wentin.github.io/eva-icons/package/icons/outline/svg/credit-card-outline.svg
crop outline,crop-outline.svg,outline,https://wentin.github.io/eva-icons/package/icons/outline/svg/crop-outline.svg
cube outline,cube-outline.svg,outline,https://wentin.github.io/eva-icons/package/icons/outline/svg/cube-outline.svg
diagonal arrow left down outline,diagonal-arrow-left-down-outline.svg,outline,https://wentin.github.io/eva-icons/package/icons/outline/svg/diagonal-arrow-left-down-outline.svg
diagonal arrow left up outline,diagonal-arrow-left-up-outline.svg,outline,https://wentin.github.io/eva-icons/package/icons/outline/svg/diagonal-arrow-left-up-outline.svg
diagonal arrow right down outline,diagonal-arrow-right-down-outline.svg,outline,https://wentin.github.io/eva-icons/package/icons/outline/svg/diagonal-arrow-right-down-outline.svg
diagonal arrow right up outline,diagonal-arrow-right-up-outline.svg,outline,https://wentin.github.io/eva-icons/package/icons/outline/svg/diagonal-arrow-right-up-outline.svg
done all outline,done-all-outline.svg,outline,https://wentin.github.io/eva-icons/package/icons/outline/svg/done-all-outline.svg
download outline,download-outline.svg,outline,https://wentin.github.io/eva-icons/package/icons/outline/svg/download-outline.svg
droplet off outline,droplet-off-outline.svg,outline,https://wentin.github.io/eva-icons/package/icons/outline/svg/droplet-off-outline.svg
droplet outline,droplet-outline.svg,outline,https://wentin.github.io/eva-icons/package/icons/outline/svg/droplet-outline.svg
edit 2 outline,edit-2-outline.svg,outline,https://wentin.github.io/eva-icons/package/icons/outline/svg/edit-2-outline.svg
edit outline,edit-outline.svg,outline,https://wentin.github.io/eva-icons/package/icons/outline/svg/edit-outline.svg
email outline,email-outline.svg,outline,https://wentin.github.io/eva-icons/package/icons/outline/svg/email-outline.svg
expand outline,expand-outline.svg,outline,https://wentin.github.io/eva-icons/package/icons/outline/svg/expand-outline.svg
external link outline,external-link-outline.svg,outline,https://wentin.github.io/eva-icons/package/icons/outline/svg/external-link-outline.svg
eye off 2 outline,eye-off-2-outline.svg,outline,https://wentin.github.io/eva-icons/package/icons/outline/svg/eye-off-2-outline.svg
eye off outline,eye-off-outline.svg,outline,https://wentin.github.io/eva-icons/package/icons/outline/svg/eye-off-outline.svg
eye outline,eye-outline.svg,outline,https://wentin.github.io/eva-icons/package/icons/outline/svg/eye-outline.svg
facebook outline,facebook-outline.svg,outline,https://wentin.github.io/eva-icons/package/icons/outline/svg/facebook-outline.svg
file add outline,file-add-outline.svg,outline,https://wentin.github.io/eva-icons/package/icons/outline/svg/file-add-outline.svg
file outline,file-outline.svg,outline,https://wentin.github.io/eva-icons/package/icons/outline/svg/file-outline.svg
file remove outline,file-remove-outline.svg,outline,https://wentin.github.io/eva-icons/package/icons/outline/svg/file-remove-outline.svg
file text outline,file-text-outline.svg,outline,https://wentin.github.io/eva-icons/package/icons/outline/svg/file-text-outline.svg
film outline,film-outline.svg,outline,https://wentin.github.io/eva-icons/package/icons/outline/svg/film-outline.svg
flag outline,flag-outline.svg,outline,https://wentin.github.io/eva-icons/package/icons/outline/svg/flag-outline.svg
flash off outline,flash-off-outline.svg,outline,https://wentin.github.io/eva-icons/package/icons/outline/svg/flash-off-outline.svg
flash outline,flash-outline.svg,outline,https://wentin.github.io/eva-icons/package/icons/outline/svg/flash-outline.svg
flip 2 outline,flip-2-outline.svg,outline,https://wentin.github.io/eva-icons/package/icons/outline/svg/flip-2-outline.svg
flip outline,flip-outline.svg,outline,https://wentin.github.io/eva-icons/package/icons/outline/svg/flip-outline.svg
folder add outline,folder-add-outline.svg,outline,https://wentin.github.io/eva-icons/package/icons/outline/svg/folder-add-outline.svg
folder outline,folder-outline.svg,outline,https://wentin.github.io/eva-icons/package/icons/outline/svg/folder-outline.svg
folder remove outline,folder-remove-outline.svg,outline,https://wentin.github.io/eva-icons/package/icons/outline/svg/folder-remove-outline.svg
funnel outline,funnel-outline.svg,outline,https://wentin.github.io/eva-icons/package/icons/outline/svg/funnel-outline.svg
gift outline,gift-outline.svg,outline,https://wentin.github.io/eva-icons/package/icons/outline/svg/gift-outline.svg
github outline,github-outline.svg,outline,https://wentin.github.io/eva-icons/package/icons/outline/svg/github-outline.svg
globe 2 outline,globe-2-outline.svg,outline,https://wentin.github.io/eva-icons/package/icons/outline/svg/globe-2-outline.svg
globe outline,globe-outline.svg,outline,https://wentin.github.io/eva-icons/package/icons/outline/svg/globe-outline.svg
google outline,google-outline.svg,outline,https://wentin.github.io/eva-icons/package/icons/outline/svg/google-outline.svg
grid outline,grid-outline.svg,outline,https://wentin.github.io/eva-icons/package/icons/outline/svg/grid-outline.svg
hard drive outline,hard-drive-outline.svg,outline,https://wentin.github.io/eva-icons/package/icons/outline/svg/hard-drive-outline.svg
hash outline,hash-outline.svg,outline,https://wentin.github.io/eva-icons/package/icons/outline/svg/hash-outline.svg
headphones outline,headphones-outline.svg,outline,https://wentin.github.io/eva-icons/package/icons/outline/svg/headphones-outline.svg
heart outline,heart-outline.svg,outline,https://wentin.github.io/eva-icons/package/icons/outline/svg/heart-outline.svg
home outline,home-outline.svg,outline,https://wentin.github.io/eva-icons/package/icons/outline/svg/home-outline.svg
image outline,image-outline.svg,outline,https://wentin.github.io/eva-icons/package/icons/outline/svg/image-outline.svg
inbox outline,inbox-outline.svg,outline,https://wentin.github.io/eva-icons/package/icons/outline/svg/inbox-outline.svg
info outline,info-outline.svg,outline,https://wentin.github.io/eva-icons/package/icons/outline/svg/info-outline.svg
keypad outline,keypad-outline.svg,outline,https://wentin.github.io/eva-icons/package/icons/outline/svg/keypad-outline.svg
layers outline,layers-outline.svg,outline,https://wentin.github.io/eva-icons/package/icons/outline/svg/layers-outline.svg
layout outline,layout-outline.svg,outline,https://wentin.github.io/eva-icons/package/icons/outline/svg/layout-outline.svg
link 2 outline,link-2-outline.svg,outline,https://wentin.github.io/eva-icons/package/icons/outline/svg/link-2-outline.svg
link outline,link-outline.svg,outline,https://wentin.github.io/eva-icons/package/icons/outline/svg/link-outline.svg
linkedin outline,linkedin-outline.svg,outline,https://wentin.github.io/eva-icons/package/icons/outline/svg/linkedin-outline.svg
list outline,list-outline.svg,outline,https://wentin.github.io/eva-icons/package/icons/outline/svg/list-outline.svg
loader outline,loader-outline.svg,outline,https://wentin.github.io/eva-icons/package/icons/outline/svg/loader-outline.svg
lock outline,lock-outline.svg,outline,https://wentin.github.io/eva-icons/package/icons/outline/svg/lock-outline.svg
log in outline,log-in-outline.svg,outline,https://wentin.github.io/eva-icons/package/icons/outline/svg/log-in-outline.svg
log out outline,log-out-outline.svg,outline,https://wentin.github.io/eva-icons/package/icons/outline/svg/log-out-outline.svg
map outline,map-outline.svg,outline,https://wentin.github.io/eva-icons/package/icons/outline/svg/map-outline.svg
maximize outline,maximize-outline.svg,outline,https://wentin.github.io/eva-icons/package/icons/outline/svg/maximize-outline.svg
menu 2 outline,menu-2-outline.svg,outline,https://wentin.github.io/eva-icons/package/icons/outline/svg/menu-2-outline.svg
menu arrow outline,menu-arrow-outline.svg,outline,https://wentin.github.io/eva-icons/package/icons/outline/svg/menu-arrow-outline.svg
menu outline,menu-outline.svg,outline,https://wentin.github.io/eva-icons/package/icons/outline/svg/menu-outline.svg
message circle outline,message-circle-outline.svg,outline,https://wentin.github.io/eva-icons/package/icons/outline/svg/message-circle-outline.svg
message square outline,message-square-outline.svg,outline,https://wentin.github.io/eva-icons/package/icons/outline/svg/message-square-outline.svg
mic off outline,mic-off-outline.svg,outline,https://wentin.github.io/eva-icons/package/icons/outline/svg/mic-off-outline.svg
mic outline,mic-outline.svg,outline,https://wentin.github.io/eva-icons/package/icons/outline/svg/mic-outline.svg
minimize outline,minimize-outline.svg,outline,https://wentin.github.io/eva-icons/package/icons/outline/svg/minimize-outline.svg
minus circle outline,minus-circle-outline.svg,outline,https://wentin.github.io/eva-icons/package/icons/outline/svg/minus-circle-outline.svg
minus outline,minus-outline.svg,outline,https://wentin.github.io/eva-icons/package/icons/outline/svg/minus-outline.svg
minus square outline,minus-square-outline.svg,outline,https://wentin.github.io/eva-icons/package/icons/outline/svg/minus-square-outline.svg
monitor outline,monitor-outline.svg,outline,https://wentin.github.io/eva-icons/package/icons/outline/svg/monitor-outline.svg
moon outline,moon-outline.svg,outline,https://wentin.github.io/eva-icons/package/icons/outline/svg/moon-outline.svg
more horizontal outline,more-horizontal-outline.svg,outline,https://wentin.github.io/eva-icons/package/icons/outline/svg/more-horizontal-outline.svg
more vertical outline,more-vertical-outline.svg,outline,https://wentin.github.io/eva-icons/package/icons/outline/svg/more-vertical-outline.svg
move outline,move-outline.svg,outline,https://wentin.github.io/eva-icons/package/icons/outline/svg/move-outline.svg
music outline,music-outline.svg,outline,https://wentin.github.io/eva-icons/package/icons/outline/svg/music-outline.svg
navigation 2 outline,navigation-2-outline.svg,outline,https://wentin.github.io/eva-icons/package/icons/outline/svg/navigation-2-outline.svg
navigation outline,navigation-outline.svg,outline,https://wentin.github.io/eva-icons/package/icons/outline/svg/navigation-outline.svg
npm outline,npm-outline.svg,outline,https://wentin.github.io/eva-icons/package/icons/outline/svg/npm-outline.svg
options 2 outline,options-2-outline.svg,outline,https://wentin.github.io/eva-icons/package/icons/outline/svg/options-2-outline.svg
options outline,options-outline.svg,outline,https://wentin.github.io/eva-icons/package/icons/outline/svg/options-outline.svg
pantone outline,pantone-outline.svg,outline,https://wentin.github.io/eva-icons/package/icons/outline/svg/pantone-outline.svg
paper plane outline,paper-plane-outline.svg,outline,https://wentin.github.io/eva-icons/package/icons/outline/svg/paper-plane-outline.svg
pause circle outline,pause-circle-outline.svg,outline,https://wentin.github.io/eva-icons/package/icons/outline/svg/pause-circle-outline.svg
people outline,people-outline.svg,outline,https://wentin.github.io/eva-icons/package/icons/outline/svg/people-outline.svg
percent outline,percent-outline.svg,outline,https://wentin.github.io/eva-icons/package/icons/outline/svg/percent-outline.svg
person add outline,person-add-outline.svg,outline,https://wentin.github.io/eva-icons/package/icons/outline/svg/person-add-outline.svg
person delete outline,person-delete-outline.svg,outline,https://wentin.github.io/eva-icons/package/icons/outline/svg/person-delete-outline.svg
person done outline,person-done-outline.svg,outline,https://wentin.github.io/eva-icons/package/icons/outline/svg/person-done-outline.svg
person outline,person-outline.svg,outline,https://wentin.github.io/eva-icons/package/icons/outline/svg/person-outline.svg
person remove outline,person-remove-outline.svg,outline,https://wentin.github.io/eva-icons/package/icons/outline/svg/person-remove-outline.svg
phone call outline,phone-call-outline.svg,outline,https://wentin.github.io/eva-icons/package/icons/outline/svg/phone-call-outline.svg
phone missed outline,phone-missed-outline.svg,outline,https://wentin.github.io/eva-icons/package/icons/outline/svg/phone-missed-outline.svg
phone off outline,phone-off-outline.svg,outline,https://wentin.github.io/eva-icons/package/icons/outline/svg/phone-off-outline.svg
phone outline,phone-outline.svg,outline,https://wentin.github.io/eva-icons/package/icons/outline/svg/phone-outline.svg
pie chart outline,pie-chart-outline.svg,outline,https://wentin.github.io/eva-icons/package/icons/outline/svg/pie-chart-outline.svg
pin outline,pin-outline.svg,outline,https://wentin.github.io/eva-icons/package/icons/outline/svg/pin-outline.svg
play circle outline,play-circle-outline.svg,outline,https://wentin.github.io/eva-icons/package/icons/outline/svg/play-circle-outline.svg
plus circle outline,plus-circle-outline.svg,outline,https://wentin.github.io/eva-icons/package/icons/outline/svg/plus-circle-outline.svg
plus outline,plus-outline.svg,outline,https://wentin.github.io/eva-icons/package/icons/outline/svg/plus-outline.svg
plus square outline,plus-square-outline.svg,outline,https://wentin.github.io/eva-icons/package/icons/outline/svg/plus-square-outline.svg
power outline,power-outline.svg,outline,https://wentin.github.io/eva-icons/package/icons/outline/svg/power-outline.svg
pricetags outline,pricetags-outline.svg,outline,https://wentin.github.io/eva-icons/package/icons/outline/svg/pricetags-outline.svg
printer outline,printer-outline.svg,outline,https://wentin.github.io/eva-icons/package/icons/outline/svg/printer-outline.svg
question mark circle outline,question-mark-circle-outline.svg,outline,https://wentin.github.io/eva-icons/package/icons/outline/svg/question-mark-circle-outline.svg
question mark outline,question-mark-outline.svg,outline,https://wentin.github.io/eva-icons/package/icons/outline/svg/question-mark-outline.svg
radio button off outline,radio-button-off-outline.svg,outline,https://wentin.github.io/eva-icons/package/icons/outline/svg/radio-button-off-outline.svg
radio button on outline,radio-button-on-outline.svg,outline,https://wentin.github.io/eva-icons/package/icons/outline/svg/radio-button-on-outline.svg
radio outline,radio-outline.svg,outline,https://wentin.github.io/eva-icons/package/icons/outline/svg/radio-outline.svg
recording outline,recording-outline.svg,outline,https://wentin.github.io/eva-icons/package/icons/outline/svg/recording-outline.svg
refresh outline,refresh-outline.svg,outline,https://wentin.github.io/eva-icons/package/icons/outline/svg/refresh-outline.svg
repeat outline,repeat-outline.svg,outline,https://wentin.github.io/eva-icons/package/icons/outline/svg/repeat-outline.svg
rewind left outline,rewind-left-outline.svg,outline,https://wentin.github.io/eva-icons/package/icons/outline/svg/rewind-left-outline.svg
rewind right outline,rewind-right-outline.svg,outline,https://wentin.github.io/eva-icons/package/icons/outline/svg/rewind-right-outline.svg
save outline,save-outline.svg,outline,https://wentin.github.io/eva-icons/package/icons/outline/svg/save-outline.svg
scissors outline,scissors-outline.svg,outline,https://wentin.github.io/eva-icons/package/icons/outline/svg/scissors-outline.svg
search outline,search-outline.svg,outline,https://wentin.github.io/eva-icons/package/icons/outline/svg/search-outline.svg
settings 2 outline,settings-2-outline.svg,outline,https://wentin.github.io/eva-icons/package/icons/outline/svg/settings-2-outline.svg
settings outline,settings-outline.svg,outline,https://wentin.github.io/eva-icons/package/icons/outline/svg/settings-outline.svg
shake outline,shake-outline.svg,outline,https://wentin.github.io/eva-icons/package/icons/outline/svg/shake-outline.svg
share outline,share-outline.svg,outline,https://wentin.github.io/eva-icons/package/icons/outline/svg/share-outline.svg
shield off outline,shield-off-outline.svg,outline,https://wentin.github.io/eva-icons/package/icons/outline/svg/shield-off-outline.svg
shield outline,shield-outline.svg,outline,https://wentin.github.io/eva-icons/package/icons/outline/svg/shield-outline.svg
shopping bag outline,shopping-bag-outline.svg,outline,https://wentin.github.io/eva-icons/package/icons/outline/svg/shopping-bag-outline.svg
shopping cart outline,shopping-cart-outline.svg,outline,https://wentin.github.io/eva-icons/package/icons/outline/svg/shopping-cart-outline.svg
shuffle 2 outline,shuffle-2-outline.svg,outline,https://wentin.github.io/eva-icons/package/icons/outline/svg/shuffle-2-outline.svg
shuffle outline,shuffle-outline.svg,outline,https://wentin.github.io/eva-icons/package/icons/outline/svg/shuffle-outline.svg
skip back outline,skip-back-outline.svg,outline,https://wentin.github.io/eva-icons/package/icons/outline/svg/skip-back-outline.svg
skip forward outline,skip-forward-outline.svg,outline,https://wentin.github.io/eva-icons/package/icons/outline/svg/skip-forward-outline.svg
slash outline,slash-outline.svg,outline,https://wentin.github.io/eva-icons/package/icons/outline/svg/slash-outline.svg
smartphone outline,smartphone-outline.svg,outline,https://wentin.github.io/eva-icons/package/icons/outline/svg/smartphone-outline.svg
smiling face outline,smiling-face-outline.svg,outline,https://wentin.github.io/eva-icons/package/icons/outline/svg/smiling-face-outline.svg
speaker outline,speaker-outline.svg,outline,https://wentin.github.io/eva-icons/package/icons/outline/svg/speaker-outline.svg
square outline,square-outline.svg,outline,https://wentin.github.io/eva-icons/package/icons/outline/svg/square-outline.svg
star outline,star-outline.svg,outline,https://wentin.github.io/eva-icons/package/icons/outline/svg/star-outline.svg
stop circle outline,stop-circle-outline.svg,outline,https://wentin.github.io/eva-icons/package/icons/outline/svg/stop-circle-outline.svg
sun outline,sun-outline.svg,outline,https://wentin.github.io/eva-icons/package/icons/outline/svg/sun-outline.svg
swap outline,swap-outline.svg,outline,https://wentin.github.io/eva-icons/package/icons/outline/svg/swap-outline.svg
sync outline,sync-outline.svg,outline,https://wentin.github.io/eva-icons/package/icons/outline/svg/sync-outline.svg
text outline,text-outline.svg,outline,https://wentin.github.io/eva-icons/package/icons/outline/svg/text-outline.svg
thermometer minus outline,thermometer-minus-outline.svg,outline,https://wentin.github.io/eva-icons/package/icons/outline/svg/thermometer-minus-outline.svg
thermometer outline,thermometer-outline.svg,outline,https://wentin.github.io/eva-icons/package/icons/outline/svg/thermometer-outline.svg
thermometer plus outline,thermometer-plus-outline.svg,outline,https://wentin.github.io/eva-icons/package/icons/outline/svg/thermometer-plus-outline.svg
toggle left outline,toggle-left-outline.svg,outline,https://wentin.github.io/eva-icons/package/icons/outline/svg/toggle-left-outline.svg
toggle right outline,toggle-right-outline.svg,outline,https://wentin.github.io/eva-icons/package/icons/outline/svg/toggle-right-outline.svg
trash 2 outline,trash-2-outline.svg,outline,https://wentin.github.io/eva-icons/package/icons/outline/svg/trash-2-outline.svg
trash outline,trash-outline.svg,outline,https://wentin.github.io/eva-icons/package/icons/outline/svg/trash-outline.svg
trending down outline,trending-down-outline.svg,outline,https://wentin.github.io/eva-icons/package/icons/outline/svg/trending-down-outline.svg
trending up outline,trending-up-outline.svg,outline,https://wentin.github.io/eva-icons/package/icons/outline/svg/trending-up-outline.svg
tv outline,tv-outline.svg,outline,https://wentin.github.io/eva-icons/package/icons/outline/svg/tv-outline.svg
twitter outline,twitter-outline.svg,outline,https://wentin.github.io/eva-icons/package/icons/outline/svg/twitter-outline.svg
umbrella outline,umbrella-outline.svg,outline,https://wentin.github.io/eva-icons/package/icons/outline/svg/umbrella-outline.svg
undo outline,undo-outline.svg,outline,https://wentin.github.io/eva-icons/package/icons/outline/svg/undo-outline.svg
unlock outline,unlock-outline.svg,outline,https://wentin.github.io/eva-icons/package/icons/outline/svg/unlock-outline.svg
upload outline,upload-outline.svg,outline,https://wentin.github.io/eva-icons/package/icons/outline/svg/upload-outline.svg
video off outline,video-off-outline.svg,outline,https://wentin.github.io/eva-icons/package/icons/outline/svg/video-off-outline.svg
video outline,video-outline.svg,outline,https://wentin.github.io/eva-icons/package/icons/outline/svg/video-outline.svg
volume down outline,volume-down-outline.svg,outline,https://wentin.github.io/eva-icons/package/icons/outline/svg/volume-down-outline.svg
volume mute outline,volume-mute-outline.svg,outline,https://wentin.github.io/eva-icons/package/icons/outline/svg/volume-mute-outline.svg
volume off outline,volume-off-outline.svg,outline,https://wentin.github.io/eva-icons/package/icons/outline/svg/volume-off-outline.svg
volume up outline,volume-up-outline.svg,outline,https://wentin.github.io/eva-icons/package/icons/outline/svg/volume-up-outline.svg
wifi off outline,wifi-off-outline.svg,outline,https://wentin.github.io/eva-icons/package/icons/outline/svg/wifi-off-outline.svg
wifi outline,wifi-outline.svg,outline,https://wentin.github.io/eva-icons/package/icons/outline/svg/wifi-outline.svg